meal_id,participant_id,pp_cgm_glucose_min_0,pp_cgm_glucose_min_15,pp_cgm_glucose_min_30,pp_cgm_glucose_min_45,pp_cgm_glucose_min_60,pp_cgm_glucose_min_75,pp_cgm_glucose_min_90,pp_cgm_glucose_min_105,pp_cgm_glucose_min_120,pp_cgm_glucose_min_135,pp_cgm_glucose_min_150,pp_cgm_glucose_min_165,pp_cgm_glucose_min_180,carbohydrate_g,protein_g,lipid_g,dietary_fiber_g,alcohol_g,hour_of_day
1,101,105.35736083984375,117.67317199707031,155.96241760253906,186.69033813476562,189.0050811767578,195.90562438964844,195.90325927734375,194.47506713867188,183.59014892578125,186.0507354736328,178.33517456054688,169.1268768310547,173.6201934814453,102.4,58.8,12.9,2.3,0.0,14
2,101,105.42129516601562,110.9814453125,134.05337524414062,145.91482543945312,151.71853637695312,153.64971923828125,152.4773406982422,148.76890563964844,158.4231414794922,160.01759338378906,155.19387817382812,157.34646606445312,156.5870361328125,49.6,14.7,27.3,2.7,0.0,8
3,101,99.99073791503906,107.5585708618164,140.75836181640625,159.81858825683594,174.60943603515625,174.85304260253906,167.81788635253906,172.96597290039062,171.57147216796875,172.8992919921875,174.5514678955078,175.7775115966797,173.4894256591797,75.8,58.5,48.2,4.3,0.0,8
4,101,104.8552474975586,110.36297607421875,142.08096313476562,158.5863800048828,168.9295196533203,173.29583740234375,170.2863006591797,174.19236755371094,167.64906311035156,178.22836303710938,168.24560546875,163.00909423828125,165.68112182617188,71.9,11.0,20.5,10.3,0.0,18
5,101,112.2529067993164,128.81478881835938,179.1855926513672,215.740966796875,228.09996032714844,221.4987030029297,229.7570037841797,219.73118591308594,215.59451293945312,210.94439697265625,207.81239318847656,211.88348388671875,209.71829223632812,120.2,56.0,80.2,11.7,0.0,19
6,101,97.13423919677734,106.95780181884766,131.18711853027344,155.32725524902344,161.66976928710938,165.59207153320312,166.63601684570312,164.9698028564453,168.16168212890625,167.15512084960938,165.8423614501953,176.194580078125,177.2643280029297,71.4,12.3,12.2,8.5,0.0,20
7,101,107.55807495117188,107.55754089355469,128.58712768554688,136.37718200683594,143.62376403808594,146.90968322753906,146.73777770996094,150.21682739257812,147.78945922851562,147.90225219726562,146.3725128173828,144.80731201171875,149.79788208007812,38.7,13.3,16.7,1.0,0.0,12
8,102,109.21400451660156,109.4049301147461,130.82908630371094,150.1235809326172,168.79498291015625,176.88595581054688,193.2042694091797,202.79383850097656,196.70840454101562,196.30616760253906,206.76885986328125,209.2567901611328,214.9787139892578,91.7,20.9,28.0,7.9,0.0,17
9,102,101.39844512939453,103.1407470703125,110.05084228515625,125.05973052978516,137.0723114013672,148.91534423828125,154.39834594726562,149.50990295410156,154.44552612304688,151.01602172851562,160.7577667236328,156.54376220703125,162.8063201904297,58.7,24.6,9.2,5.7,19.5,15
10,102,104.48554992675781,108.61988067626953,116.61343383789062,134.84043884277344,147.17095947265625,159.24424743652344,160.41566467285156,171.89370727539062,177.51966857910156,177.3760986328125,175.62814331054688,179.38002014160156,177.11509704589844,54.3,27.2,33.1,3.1,13.0,10
11,102,96.87281036376953,96.57600402832031,100.05270385742188,104.16287231445312,114.88104248046875,115.6049575805664,119.52633666992188,128.5266876220703,129.91696166992188,136.23025512695312,146.64425659179688,145.34536743164062,149.44979858398438,23.6,12.9,4.5,0.5,0.0,21
12,102,90.5861587524414,95.9951400756836,98.59894561767578,106.86796569824219,107.3583755493164,110.93180847167969,114.63143920898438,111.45948791503906,116.2269058227539,123.42662811279297,115.73217010498047,113.19512176513672,117.91564178466797,26.9,14.1,15.6,3.2,0.0,20
13,102,75.07257843017578,75.83670806884766,89.16717529296875,103.85836791992188,111.2873306274414,123.17938232421875,130.73855590820312,134.93572998046875,142.90106201171875,140.75115966796875,146.17384338378906,148.3228302001953,151.859619140625,57.2,15.8,6.2,4.1,0.0,19
14,102,82.72086334228516,90.33204650878906,103.7014389038086,129.2003936767578,145.2031707763672,155.918212890625,166.6576690673828,171.34375,182.67648315429688,174.6985626220703,176.12928771972656,179.71730041503906,184.12106323242188,73.2,52.8,43.7,6.2,0.0,8
15,102,83.47712707519531,84.88126373291016,100.15220642089844,125.7844009399414,136.18589782714844,149.6618194580078,157.63232421875,160.70030212402344,163.64788818359375,171.32693481445312,176.47994995117188,186.55267333984375,188.24380493164062,80.4,60.1,50.6,8.7,0.0,21
16,102,96.4342041015625,96.0882568359375,105.9371109008789,128.85877990722656,140.0004119873047,157.1710662841797,169.4722442626953,181.3712615966797,177.1440887451172,183.61331176757812,187.76185607910156,191.3164825439453,192.22288513183594,79.2,47.3,37.6,5.7,0.0,19
17,103,106.24568176269531,114.28633880615234,135.15884399414062,134.82765197753906,132.8790740966797,130.53701782226562,139.3957977294922,148.1908721923828,153.64637756347656,146.90797424316406,146.7879180908203,150.38328552246094,149.41824340820312,46.0,33.3,22.3,5.9,0.0,14
18,103,115.16177368164062,113.36083221435547,131.3389892578125,131.58836364746094,132.86248779296875,147.52610778808594,144.03355407714844,141.78909301757812,138.62911987304688,144.2407989501953,150.0970916748047,147.7578887939453,155.64837646484375,23.8,14.4,12.3,1.2,0.0,9
19,103,137.42591857910156,144.7667236328125,191.49301147460938,195.91787719726562,188.84600830078125,189.1809539794922,199.35003662109375,198.27967834472656,201.60462951660156,204.38174438476562,201.3926544189453,190.9823455810547,192.42530822753906,82.8,47.8,26.3,4.7,0.0,21
20,103,95.99513244628906,116.09647369384766,144.47889709472656,165.7809295654297,181.17242431640625,180.8387451171875,195.12303161621094,198.95106506347656,197.4989471435547,193.42247009277344,184.25051879882812,191.2042694091797,186.60983276367188,81.7,27.3,43.8,9.6,0.0,22
21,103,124.91133880615234,129.5321502685547,149.90818786621094,165.12881469726562,170.65130615234375,167.02761840820312,163.2859344482422,166.4480743408203,170.70498657226562,171.63833618164062,170.3468780517578,173.46165466308594,175.06373596191406,42.1,32.9,10.9,4.8,0.0,12
22,103,113.61006927490234,114.8437728881836,129.403076171875,121.66817474365234,116.81456756591797,124.32208251953125,130.65830993652344,137.64208984375,133.6937713623047,141.14065551757812,139.5146484375,127.7479476928711,132.77569580078125,25.3,16.5,16.9,2.1,0.0,19
23,103,107.36627960205078,115.39952087402344,125.4764175415039,134.91871643066406,125.43586730957031,126.80724334716797,131.15072631835938,133.1597442626953,137.7193603515625,131.34713745117188,135.7870635986328,140.35272216796875,140.79647827148438,24.5,10.9,11.8,3.4,0.0,9
24,103,110.38084411621094,128.71963500976562,162.3515625,177.18536376953125,176.26589965820312,166.20034790039062,174.69256591796875,176.33982849121094,177.78497314453125,168.79458618164062,168.71273803710938,173.2523651123047,173.05201721191406,81.3,52.3,29.1,11.7,0.0,10
25,103,108.65208435058594,116.67150115966797,150.9399871826172,157.8628387451172,160.12808227539062,168.54269409179688,165.97174072265625,164.1034393310547,166.75721740722656,168.54176330566406,167.82452392578125,170.55294799804688,166.8998260498047,62.9,37.2,34.7,5.9,0.0,22
26,104,157.10546875,164.5952911376953,187.41790771484375,194.44033813476562,192.44451904296875,191.042724609375,185.99273681640625,171.57794189453125,164.9644012451172,165.410888671875,165.22833251953125,159.39402770996094,165.49549865722656,25.3,12.1,10.7,3.6,0.0,18
27,104,136.8744659423828,151.99586486816406,169.5962677001953,178.57537841796875,180.26132202148438,181.40171813964844,183.3841094970703,179.8389892578125,177.6470184326172,177.47364807128906,174.41802978515625,177.48838806152344,182.29669189453125,25.7,11.0,4.8,0.8,0.0,19
28,104,117.34112548828125,136.43446350097656,206.87283325195312,250.0626678466797,251.32998657226562,238.89671325683594,229.6605682373047,211.57009887695312,202.84085083007812,193.37416076660156,187.10157775878906,180.03077697753906,177.33932495117188,101.2,71.0,23.7,4.1,0.0,19
29,104,133.213134765625,149.17225646972656,223.88214111328125,277.31915283203125,277.6284484863281,260.371337890625,247.98988342285156,236.75399780273438,222.903076171875,207.93722534179688,208.119140625,203.96624755859375,192.96945190429688,103.7,18.3,18.3,15.0,0.0,21
30,104,110.92808532714844,120.31550598144531,163.36070251464844,186.5616912841797,194.9353485107422,192.71144104003906,189.7456817626953,191.29574584960938,180.32818603515625,174.98779296875,163.7648162841797,162.35198974609375,163.49635314941406,55.0,15.8,31.9,2.1,0.0,17
31,104,116.75621032714844,135.43336486816406,192.84735107421875,220.03465270996094,218.45008850097656,217.35240173339844,203.96884155273438,201.5540771484375,188.81495666503906,185.09873962402344,172.56298828125,164.25247192382812,160.8300323486328,70.9,18.4,11.0,7.4,0.0,20
32,104,130.3361053466797,141.80775451660156,159.3328857421875,174.92422485351562,179.97337341308594,176.33091735839844,179.92105102539062,174.04490661621094,185.89634704589844,180.32203674316406,175.33663940429688,168.6381072998047,175.78689575195312,27.8,16.7,16.9,2.9,0.0,19
33,104,144.5161590576172,160.75796508789062,236.8863067626953,291.20123291015625,293.8853454589844,287.36932373046875,267.3128662109375,260.1318054199219,252.9081573486328,248.45367431640625,239.541748046875,231.1925048828125,227.99363708496094,106.4,84.4,35.7,5.5,0.0,17
34,104,116.4882583618164,134.1282958984375,177.7577667236328,193.67294311523438,200.6282501220703,199.05088806152344,189.7841033935547,189.8509521484375,188.2516632080078,183.22161865234375,177.55938720703125,178.08729553222656,173.7024688720703,51.3,34.6,11.3,2.2,0.0,11
35,104,118.75457000732422,135.79763793945312,213.65057373046875,257.8514709472656,265.76873779296875,266.5156555175781,253.7413787841797,230.26681518554688,221.7470703125,208.4260711669922,200.7267303466797,188.55958557128906,183.35179138183594,101.4,20.6,68.4,6.3,0.0,14
36,104,136.20448303222656,141.2511444091797,194.20123291015625,220.54934692382812,216.97518920898438,217.1882781982422,210.98062133789062,199.65968322753906,195.64602661132812,189.87307739257812,186.99964904785156,177.91983032226562,179.31863403320312,63.7,12.6,27.8,7.9,0.0,7
37,104,136.88821411132812,141.47308349609375,156.98202514648438,168.45281982421875,162.055908203125,160.19921875,161.2044677734375,159.41587829589844,158.85629272460938,159.50982666015625,161.85105895996094,148.21923828125,149.4803924560547,21.4,14.1,7.5,0.4,0.0,8
38,104,148.616455078125,161.32064819335938,205.31326293945312,224.8924560546875,224.7368621826172,225.12501525878906,227.438232421875,223.20814514160156,214.34967041015625,212.19772338867188,204.36827087402344,200.7897491455078,193.00840759277344,51.6,12.7,9.6,3.0,0.0,17
39,104,128.39720153808594,145.72216796875,181.50198364257812,206.7992401123047,203.2427520751953,207.843994140625,202.2807159423828,198.14149475097656,198.57777404785156,194.88417053222656,194.5678253173828,188.0374298095703,179.56031799316406,46.8,35.5,21.2,6.1,0.0,16
40,104,131.0592498779297,139.8233642578125,148.4820098876953,156.39590454101562,158.09329223632812,162.38671875,161.08123779296875,160.27798461914062,157.7462615966797,153.3262939453125,154.2045135498047,147.06297302246094,152.29318237304688,22.9,5.0,3.0,3.0,0.0,16
41,105,120.66191864013672,127.68254852294922,164.2352294921875,193.86343383789062,211.38818359375,219.5338897705078,233.96002197265625,229.47865295410156,225.88648986816406,221.34628295898438,211.54383850097656,211.8041534423828,206.17979431152344,91.4,57.1,9.3,12.0,0.0,8
42,105,109.6878890991211,115.17318725585938,134.2986602783203,150.79759216308594,168.9904327392578,172.54177856445312,176.38233947753906,175.36143493652344,175.8836212158203,176.90200805664062,176.5701141357422,180.38023376464844,167.6993408203125,65.3,38.7,29.8,5.1,0.0,11
43,105,113.77455139160156,120.41422271728516,143.0411376953125,154.81800842285156,163.87550354003906,167.88900756835938,169.53395080566406,163.3205108642578,160.98109436035156,161.53684997558594,165.3561553955078,169.08607482910156,166.89744567871094,75.2,43.3,51.9,5.8,0.0,12
44,105,102.23526763916016,100.31631469726562,117.168701171875,133.69284057617188,140.60804748535156,153.4575653076172,161.2974395751953,163.82273864746094,158.7683868408203,157.35604858398438,154.82394409179688,152.978759765625,153.8490753173828,46.6,20.4,9.3,3.8,0.0,10
45,105,115.94642639160156,119.1662826538086,138.93907165527344,156.74476623535156,170.0824432373047,169.86854553222656,174.81381225585938,172.46533203125,171.03466796875,174.51168823242188,173.55125427246094,168.6444549560547,163.07652282714844,49.5,23.0,27.3,1.8,26.2,22
46,105,116.94276428222656,118.70632934570312,148.17149353027344,169.9467315673828,188.59820556640625,198.07078552246094,205.04669189453125,194.44412231445312,185.85061645507812,183.33966064453125,179.4743194580078,164.8587188720703,165.31434631347656,88.0,57.6,14.0,4.5,0.0,10
47,105,120.50086975097656,117.36856079101562,145.66990661621094,172.92025756835938,181.27813720703125,188.156494140625,205.43246459960938,201.77481079101562,201.5543670654297,209.81576538085938,203.7018280029297,194.47158813476562,195.57247924804688,95.6,47.7,25.5,5.6,22.0,20
48,105,108.809814453125,114.57533264160156,134.8233642578125,151.16403198242188,157.8840789794922,167.9970245361328,166.64944458007812,161.16815185546875,156.4293670654297,157.99681091308594,153.27627563476562,145.97010803222656,153.79403686523438,46.5,17.1,19.6,6.8,0.0,11
49,105,90.95355224609375,93.9520034790039,108.72574615478516,123.86331939697266,139.3033905029297,145.66241455078125,148.9597625732422,148.0720672607422,155.15501403808594,154.1726837158203,146.869384765625,141.4061279296875,145.17701721191406,47.1,32.0,14.6,1.1,0.0,9
50,105,114.56678009033203,115.73095703125,139.86705017089844,166.85020446777344,183.98446655273438,187.8689422607422,196.11305236816406,191.9683837890625,192.9152069091797,191.30987548828125,187.4654541015625,181.5173797607422,171.3117218017578,79.7,28.6,33.4,5.2,0.0,19
51,105,124.96556854248047,124.8138656616211,161.1709747314453,196.96951293945312,221.6896514892578,226.84640502929688,227.85243225097656,230.07083129882812,220.88661193847656,217.66827392578125,215.11123657226562,207.2850341796875,210.22610473632812,99.0,31.6,60.5,7.2,0.0,13
52,105,109.30626678466797,121.85884094238281,131.36044311523438,148.3434295654297,155.43014526367188,161.47982788085938,167.51541137695312,167.3004150390625,172.7054443359375,179.10789489746094,175.6927947998047,178.47569274902344,178.46299743652344,54.6,29.1,25.1,6.2,0.0,20
53,105,115.97781372070312,127.30033111572266,143.3487548828125,157.8206787109375,167.25547790527344,171.28773498535156,176.12890625,179.95828247070312,178.46131896972656,168.81568908691406,164.3748779296875,160.0185089111328,162.02516174316406,48.1,36.3,23.5,1.8,0.0,12
54,105,105.62197875976562,111.49998474121094,112.66373443603516,120.55450439453125,123.24375915527344,137.93057250976562,140.12535095214844,144.7796630859375,152.46665954589844,158.41102600097656,166.24835205078125,164.61358642578125,160.97866821289062,21.1,11.5,14.6,1.1,0.0,8
55,105,115.49282836914062,121.30255126953125,146.7082977294922,181.78102111816406,195.23928833007812,200.41001892089844,199.70306396484375,204.1492156982422,201.6421356201172,198.51687622070312,195.94598388671875,187.04945373535156,183.82191467285156,91.9,36.8,48.1,3.7,0.0,18
56,105,99.3056411743164,103.36827087402344,112.27047729492188,125.30838775634766,142.6777801513672,155.53738403320312,152.69390869140625,159.10169982910156,163.72544860839844,160.3497314453125,161.82333374023438,157.02088928222656,160.38568115234375,45.7,18.1,12.4,5.5,0.0,9
57,105,113.18913269042969,123.33491516113281,142.4311981201172,179.3228302001953,192.0315399169922,191.1160430908203,191.1897430419922,189.6671600341797,180.0793914794922,179.87579345703125,178.3999481201172,171.2272186279297,161.0659637451172,100.4,39.1,30.0,6.2,0.0,22
58,105,117.71615600585938,120.220947265625,127.63065338134766,135.17669677734375,136.93807983398438,137.25950622558594,137.94967651367188,147.31576538085938,153.12884521484375,149.42257690429688,149.45591735839844,148.7545928955078,146.83355712890625,28.9,21.0,6.0,0.7,6.1,14
59,105,111.7080078125,114.87345123291016,143.0801544189453,156.9925079345703,169.931884765625,173.90109252929688,182.1467742919922,180.95556640625,171.36265563964844,173.0310516357422,174.12814331054688,182.98074340820312,181.46070861816406,55.7,36.2,17.0,4.0,0.0,11
60,105,120.08907318115234,130.621826171875,151.73922729492188,177.3434295654297,190.44256591796875,192.9654541015625,204.4297332763672,202.68919372558594,208.3899688720703,195.99667358398438,191.6077880859375,189.41305541992188,185.60284423828125,70.5,14.5,17.7,10.4,0.0,16
61,106,104.99406433105469,118.13285827636719,151.86602783203125,180.7533416748047,214.8229522705078,239.61349487304688,252.56629943847656,273.82012939453125,279.7010803222656,287.8428955078125,280.2358703613281,279.7846984863281,280.1997985839844,114.0,76.7,40.0,10.1,0.0,12
62,106,117.81487274169922,114.71556854248047,119.5666732788086,136.605224609375,139.84063720703125,146.62059020996094,148.6938018798828,151.9361114501953,155.7626953125,158.95504760742188,156.8621368408203,162.15647888183594,160.16958618164062,26.5,13.6,2.8,3.9,0.0,22
63,106,113.70509338378906,116.62616729736328,129.88572692871094,149.8570556640625,163.12786865234375,171.4107208251953,176.0824432373047,189.58299255371094,188.2047119140625,188.82192993164062,182.32025146484375,192.98287963867188,194.34825134277344,48.6,27.4,21.0,4.8,0.0,14
64,106,120.77194213867188,137.41986083984375,154.3452911376953,173.01080322265625,195.20530700683594,209.27427673339844,222.97764587402344,236.8052978515625,245.3201446533203,245.91246032714844,250.5300750732422,244.80760192871094,247.7176513671875,68.8,51.0,37.5,3.5,0.0,11
65,106,118.91102600097656,140.52952575683594,170.6939697265625,208.5680389404297,234.56874084472656,259.9154052734375,279.7171630859375,297.2416076660156,300.8466796875,305.91094970703125,305.6316833496094,301.4188232421875,308.0812683105469,111.8,47.9,57.9,12.9,0.0,11
66,106,103.69947814941406,114.98190307617188,145.8753662109375,168.26300048828125,202.83389282226562,224.52639770507812,240.14369201660156,249.75003051757812,251.39328002929688,258.3934326171875,260.87701416015625,262.0184631347656,255.12969970703125,101.0,56.4,43.4,8.0,0.0,19
67,106,108.21045684814453,113.64949798583984,126.16251373291016,141.20204162597656,160.54737854003906,169.18032836914062,178.697509765625,183.76132202148438,184.11911010742188,182.68902587890625,187.79312133789062,184.02304077148438,189.35415649414062,46.8,19.4,10.6,1.1,0.0,11
68,106,97.79766082763672,101.70490264892578,105.55254364013672,108.8656005859375,119.90228271484375,126.30660247802734,132.71975708007812,135.1001434326172,142.18032836914062,141.87611389160156,140.10142517089844,145.6826629638672,148.13058471679688,20.6,15.4,9.0,1.4,7.2,14
69,106,108.6204833984375,117.06700897216797,154.66085815429688,193.667236328125,230.4804229736328,261.1804504394531,280.0267028808594,297.5522766113281,311.1328430175781,316.6017761230469,310.7044372558594,304.1314697265625,301.1317443847656,123.4,53.2,25.0,16.4,19.8,14
70,106,122.0210189819336,134.94139099121094,158.71762084960938,176.45025634765625,199.25555419921875,214.809814453125,222.04180908203125,238.00839233398438,242.6930694580078,244.43505859375,249.90310668945312,244.0940399169922,246.61573791503906,72.9,25.7,32.0,8.7,0.0,18
71,106,111.60726928710938,126.63741302490234,135.67796325683594,152.1441650390625,165.6509246826172,174.06991577148438,188.40728759765625,199.2516326904297,201.8062744140625,201.28074645996094,202.08914184570312,210.76441955566406,204.77691650390625,47.5,29.6,30.7,1.5,0.0,16
72,106,113.19628143310547,122.97280883789062,148.2932891845703,170.9592742919922,190.65220642089844,205.6865997314453,213.05874633789062,225.05308532714844,226.61134338378906,232.3818817138672,230.57058715820312,231.8312530517578,232.11424255371094,72.2,21.4,15.4,10.0,0.0,14
73,106,114.12567138671875,126.64196014404297,157.74020385742188,197.8555145263672,225.61087036132812,249.77023315429688,270.1448669433594,287.95599365234375,286.883544921875,285.9222412109375,283.3943786621094,287.588623046875,282.651123046875,106.4,81.1,64.0,9.9,0.0,19
74,106,127.42156982421875,131.403076171875,147.81280517578125,169.25115966796875,182.63693237304688,194.32069396972656,206.4440155029297,219.29444885253906,216.2767791748047,221.6279754638672,221.8700408935547,219.72003173828125,222.02711486816406,55.9,29.3,15.5,5.5,23.5,17
75,107,104.35853576660156,114.563720703125,125.44184112548828,130.70826721191406,129.24252319335938,140.46095275878906,143.89190673828125,141.7627716064453,141.40093994140625,142.9306182861328,143.46214294433594,141.81834411621094,143.1332550048828,43.1,11.6,12.1,2.1,13.5,9
76,107,108.89051055908203,116.26721954345703,139.63539123535156,161.5055694580078,170.85862731933594,180.8762664794922,184.69717407226562,187.22801208496094,189.73558044433594,192.18576049804688,187.84750366210938,181.760009765625,176.0106658935547,90.5,60.2,52.6,8.6,0.0,17
77,107,115.65034484863281,128.23031616210938,148.3013916015625,163.0977783203125,184.52723693847656,191.73861694335938,193.488037109375,198.8347625732422,194.9488067626953,190.6636962890625,189.51327514648438,185.5270538330078,185.37303161621094,74.1,14.6,41.4,4.4,0.0,19
78,107,111.64558410644531,122.29414367675781,139.2335662841797,152.1703338623047,168.63482666015625,178.43637084960938,178.47744750976562,176.3298797607422,172.97096252441406,161.59634399414062,163.28173828125,152.38140869140625,152.42713928222656,52.0,18.1,32.5,2.8,0.0,7
79,107,107.91838836669922,117.7629623413086,117.14344787597656,123.69200134277344,131.29400634765625,135.593017578125,142.29904174804688,142.19566345214844,147.69741821289062,150.12582397460938,153.5103302001953,154.06919860839844,155.20809936523438,23.2,18.2,14.1,1.7,0.0,10
80,107,96.7161636352539,103.1220932006836,110.82647705078125,123.98502349853516,139.87673950195312,141.90402221679688,156.6178741455078,155.58082580566406,159.52792358398438,167.28953552246094,165.68511962890625,162.05929565429688,154.9331512451172,51.5,36.6,11.2,1.2,0.0,9
81,107,105.51319122314453,117.62670135498047,140.044677734375,153.04034423828125,167.9915313720703,182.42054748535156,192.39413452148438,199.54049682617188,191.8674774169922,191.10629272460938,179.61575317382812,170.3359375,163.4522705078125,70.5,32.3,24.6,4.9,0.0,9
82,107,95.13359069824219,111.48021697998047,122.70760345458984,148.04638671875,160.06504821777344,170.05416870117188,176.64373779296875,183.11058044433594,179.2694549560547,177.5261688232422,180.07806396484375,169.447265625,156.4649658203125,80.2,55.9,8.7,5.7,13.8,9
83,107,122.70068359375,133.84381103515625,140.14920043945312,143.08853149414062,157.4669189453125,163.45330810546875,169.3229522705078,178.19056701660156,183.3662872314453,179.40077209472656,173.43035888671875,172.6439666748047,170.3207550048828,42.0,9.9,21.9,2.5,0.0,22
84,107,112.76514434814453,121.34398651123047,143.51019287109375,161.45425415039062,169.6016845703125,173.13710021972656,180.2427215576172,181.36642456054688,191.24981689453125,192.7770233154297,189.6322021484375,190.51736450195312,186.46392822265625,72.3,32.4,16.6,2.8,29.1,12
85,107,114.22571563720703,122.12967681884766,139.37667846679688,151.89830017089844,164.33436584472656,177.7962646484375,177.2225799560547,172.06613159179688,175.9721221923828,168.241943359375,163.91539001464844,158.56509399414062,152.79830932617188,67.8,32.4,27.8,7.7,0.0,11
86,107,117.15229797363281,119.27272033691406,131.1235809326172,130.10354614257812,137.27308654785156,137.34527587890625,142.94796752929688,149.54461669921875,149.16668701171875,151.11270141601562,153.77162170410156,153.06390380859375,147.0930633544922,24.5,3.8,10.3,2.7,0.0,22
87,107,112.12814331054688,115.50318908691406,122.48711395263672,125.10414123535156,128.29176330566406,138.72488403320312,145.56427001953125,150.41505432128906,158.57650756835938,159.60006713867188,158.427001953125,155.55726623535156,158.8104248046875,47.5,23.4,25.9,3.7,0.0,14
88,107,109.70243835449219,117.70345306396484,144.7815399169922,163.85626220703125,176.5322265625,188.65528869628906,191.78762817382812,196.32302856445312,203.99285888671875,202.1192626953125,195.3672637939453,192.48057556152344,186.9072265625,106.7,51.8,16.3,9.7,6.7,8
89,107,89.67057037353516,104.75460815429688,112.25696563720703,126.0341796875,135.6786346435547,141.45419311523438,151.70074462890625,147.69740295410156,145.672119140625,145.9335479736328,147.98802185058594,153.09353637695312,155.26138305664062,54.9,39.1,21.9,3.0,0.0,17
90,108,136.6527099609375,139.3215789794922,145.98866271972656,169.72862243652344,178.56398010253906,178.8494110107422,181.55282592773438,174.6444549560547,172.2949981689453,170.83795166015625,167.6571502685547,160.45330810546875,171.4363250732422,56.2,8.8,26.8,4.4,0.0,9
91,108,118.410888671875,121.84807586669922,136.69265747070312,154.3270263671875,167.75640869140625,173.47181701660156,179.93211364746094,183.2150115966797,187.47283935546875,183.19708251953125,182.66729736328125,190.82589721679688,196.4312286376953,78.8,31.2,38.7,2.8,24.0,19
92,108,96.27410888671875,100.07649230957031,121.14197540283203,130.76797485351562,133.62144470214844,133.91700744628906,134.57862854003906,134.87709045410156,128.38613891601562,129.92401123046875,130.71885681152344,131.16253662109375,139.40415954589844,49.1,18.0,25.3,6.6,0.0,12
93,108,126.68900299072266,124.29764556884766,136.2866973876953,150.9304656982422,159.05728149414062,158.52699279785156,167.26023864746094,166.1798858642578,167.98556518554688,163.3113250732422,161.40850830078125,163.74232482910156,163.79481506347656,64.2,14.0,17.8,3.6,0.0,20
94,108,128.27679443359375,129.0276336669922,146.4237518310547,164.69451904296875,175.56146240234375,174.3466033935547,172.18458557128906,164.7674560546875,165.91510009765625,167.98353576660156,160.203857421875,154.7205047607422,153.6510772705078,51.7,10.0,14.9,1.7,15.2,7
95,108,115.79490661621094,120.67919158935547,146.69679260253906,154.8050994873047,164.32765197753906,157.012451171875,162.8949737548828,155.69796752929688,151.4082489013672,146.2797393798828,156.2498321533203,149.22593688964844,145.62583923339844,55.7,39.5,21.7,3.3,0.0,7
96,108,99.49720001220703,106.21952056884766,129.28456115722656,152.9752960205078,159.5657501220703,152.23814392089844,149.0342559814453,149.64317321777344,151.88861083984375,149.9156494140625,152.1991729736328,147.33837890625,145.00816345214844,100.5,67.4,12.2,10.1,15.4,9
97,108,128.79928588867188,132.27499389648438,141.30010986328125,137.00729370117188,144.61500549316406,145.18588256835938,149.26724243164062,158.0986328125,157.19879150390625,155.03897094726562,165.3634033203125,163.0652313232422,161.9658660888672,47.0,10.5,27.1,3.7,0.0,12
98,108,97.34759521484375,101.98735809326172,106.47102355957031,111.52157592773438,116.76879119873047,114.30328369140625,113.02942657470703,116.9286117553711,115.46025848388672,121.38716125488281,125.20010375976562,125.2255630493164,124.87861633300781,26.8,12.3,5.0,2.9,0.0,17
99,108,132.3245391845703,138.02684020996094,152.61192321777344,166.1063690185547,165.94613647460938,157.18287658691406,153.35267639160156,161.49143981933594,164.1243896484375,160.0515594482422,154.627685546875,154.44024658203125,153.9139404296875,27.9,16.0,9.8,3.6,0.0,10
100,108,96.86781311035156,100.0698013305664,121.06021118164062,134.234619140625,138.97659301757812,142.33251953125,147.73202514648438,149.3933563232422,151.001220703125,153.17431640625,156.1255645751953,156.17013549804688,162.81570434570312,74.3,18.9,14.0,3.8,0.0,18
101,108,103.60224151611328,112.61225128173828,137.84695434570312,162.96725463867188,176.6195068359375,179.12643432617188,170.16600036621094,160.6354522705078,161.28189086914062,166.05136108398438,161.31008911132812,167.16390991210938,171.32760620117188,99.8,74.6,47.6,14.9,0.0,12
102,108,105.09387969970703,101.142822265625,113.40071868896484,120.21246337890625,122.43338775634766,121.28181457519531,125.3649673461914,131.11746215820312,132.94520568847656,131.91400146484375,134.20115661621094,133.62738037109375,140.9377899169922,21.3,3.5,13.6,2.4,0.0,21
103,108,112.1725082397461,118.56623077392578,135.01161193847656,163.55308532714844,172.33242797851562,181.90142822265625,175.7849884033203,167.22312927246094,161.40155029296875,150.9241485595703,144.6896209716797,142.21275329589844,146.47438049316406,97.0,40.1,27.3,7.8,0.0,10
104,108,109.74114990234375,110.24765014648438,117.4450912475586,116.23128509521484,119.42695617675781,116.44080352783203,121.55595397949219,123.79888916015625,127.1131362915039,131.011474609375,134.7869110107422,138.6003875732422,148.22714233398438,25.4,8.5,4.5,2.3,0.0,15
105,108,128.82156372070312,131.6020965576172,145.28424072265625,167.58763122558594,183.38587951660156,188.17124938964844,182.1938018798828,183.68756103515625,179.5907745361328,178.81927490234375,185.9819793701172,187.53250122070312,180.47654724121094,82.6,26.7,17.5,9.0,0.0,11
106,108,113.39779663085938,121.6344985961914,149.0452880859375,180.659912109375,198.38421630859375,193.9326934814453,192.61851501464844,196.44662475585938,193.6656494140625,179.4514617919922,171.28282165527344,166.2568817138672,176.75091552734375,106.4,82.8,63.8,9.6,0.0,22
107,109,101.40849304199219,101.73784637451172,116.15758514404297,130.01739501953125,133.223876953125,135.62655639648438,143.93748474121094,141.24461364746094,142.7654266357422,142.92657470703125,151.61599731445312,156.8983917236328,156.49583435058594,27.1,8.0,15.6,2.6,6.9,11
108,109,103.80171203613281,111.55408477783203,131.25048828125,156.61117553710938,173.541015625,178.758056640625,177.68714904785156,171.2328643798828,164.50941467285156,162.79989624023438,161.94471740722656,159.15797424316406,159.67466735839844,66.3,23.2,40.8,7.3,0.0,21
109,109,122.53158569335938,130.59597778320312,142.164306640625,159.73562622070312,173.34811401367188,176.7579803466797,177.7127685546875,175.61968994140625,173.8429412841797,183.614013671875,183.34890747070312,176.3990478515625,178.6035614013672,46.7,35.8,5.1,5.1,0.0,21
110,109,127.23821258544922,128.15834045410156,134.6951141357422,146.64988708496094,151.1980743408203,151.43881225585938,150.5643768310547,151.56332397460938,152.19827270507812,156.82308959960938,151.28485107421875,152.8561553955078,159.81707763671875,23.6,12.0,11.6,1.0,0.0,15
111,109,123.85545349121094,124.59330749511719,136.0263671875,146.73818969726562,154.92990112304688,158.68064880371094,158.149169921875,164.71681213378906,164.64012145996094,162.89332580566406,161.61038208007812,161.4195098876953,159.55255126953125,24.7,6.4,3.4,3.1,0.0,13
112,109,117.92327880859375,125.32246398925781,162.58949279785156,211.4373321533203,230.0915985107422,237.07180786132812,230.78250122070312,226.9227294921875,232.32577514648438,232.90626525878906,225.06265258789062,227.8179931640625,228.72286987304688,109.5,36.1,72.2,11.3,0.0,9
113,109,139.1629180908203,141.26803588867188,178.38487243652344,225.951416015625,250.81570434570312,256.25738525390625,250.9721221923828,238.63934326171875,241.10438537597656,237.35955810546875,235.3350830078125,232.7390899658203,232.07972717285156,109.1,78.1,16.7,3.8,0.0,18
114,109,119.47586059570312,124.19596099853516,155.9336700439453,194.00619506835938,225.45497131347656,229.0357208251953,224.5962371826172,216.45933532714844,214.7508544921875,211.4071044921875,206.83346557617188,204.92092895507812,202.18150329589844,106.8,69.9,44.6,5.9,0.0,10
115,109,120.11522674560547,129.32308959960938,151.43594360351562,182.61697387695312,191.74630737304688,193.72308349609375,184.8925323486328,185.8118133544922,182.2401123046875,183.52178955078125,179.62547302246094,178.01109313964844,180.2151336669922,81.1,56.6,25.5,7.0,0.0,15
116,109,113.88784790039062,122.38784790039062,141.1766815185547,151.7836151123047,160.4442901611328,166.82669067382812,166.9541015625,168.94017028808594,170.9890594482422,174.8312225341797,175.56797790527344,175.32664489746094,182.92471313476562,43.8,17.2,19.3,4.2,0.0,7
117,109,112.13797760009766,119.65339660644531,146.73248291015625,180.80197143554688,200.16567993164062,198.76268005371094,192.66238403320312,195.0378875732422,201.41615295410156,189.20416259765625,185.84686279296875,187.5977783203125,183.53958129882812,95.5,55.4,58.1,4.1,0.0,17
118,109,110.16249084472656,116.11478424072266,126.209228515625,139.21693420410156,149.15756225585938,153.6995086669922,150.72683715820312,150.5363311767578,148.36427307128906,144.23263549804688,144.4061737060547,154.92306518554688,159.33651733398438,48.1,22.6,23.2,2.3,0.0,21
119,110,139.544677734375,154.2217559814453,202.8421630859375,218.51571655273438,229.85511779785156,234.7665557861328,230.6341094970703,231.07876586914062,236.9352264404297,240.8292236328125,241.8074951171875,235.28909301757812,227.21856689453125,82.2,52.0,22.1,6.2,0.0,13
120,110,112.5162582397461,117.88136291503906,152.7364959716797,159.44146728515625,174.70687866210938,180.112548828125,184.93191528320312,187.84727478027344,185.6945343017578,189.1183319091797,185.76275634765625,183.0023193359375,179.07826232910156,56.7,22.0,21.5,1.4,0.0,21
121,110,123.09310150146484,132.311767578125,184.08111572265625,212.90576171875,224.4527130126953,232.79278564453125,237.25880432128906,233.2274932861328,238.86859130859375,228.08348083496094,221.9123077392578,213.7191162109375,204.59983825683594,96.2,33.7,58.1,5.9,0.0,7
122,110,125.02635955810547,136.76300048828125,153.4297332763672,161.54881286621094,163.04080200195312,161.90896606445312,162.76220703125,165.2544403076172,161.0359649658203,167.03170776367188,170.99620056152344,171.06674194335938,167.14663696289062,29.3,19.2,19.9,3.3,0.0,20
123,110,129.24269104003906,136.75221252441406,194.20458984375,214.46743774414062,221.5685272216797,222.7711639404297,222.6830291748047,228.904296875,234.10011291503906,218.0441436767578,212.52981567382812,216.26539611816406,211.44737243652344,97.5,77.9,61.5,3.7,0.0,18
124,110,123.6190185546875,120.32689666748047,137.18475341796875,145.26963806152344,147.5910186767578,154.59963989257812,157.45770263671875,159.3817596435547,162.28854370117188,160.0119171142578,159.8861083984375,161.4355010986328,162.4818115234375,21.1,12.7,2.9,2.0,0.0,16
125,110,121.9441909790039,137.20545959472656,175.6822052001953,196.98794555664062,207.2626495361328,215.9308624267578,217.73550415039062,217.15914916992188,221.93792724609375,214.357177734375,207.1800994873047,202.98475646972656,196.65565490722656,73.1,30.9,41.8,9.4,0.0,7
